[
  {
    "couid": "u4jzqfjzzbA",
    "coname": "UON CRISSP+",
    "ccouid": "a8b8yMHDnTB",
    "cconame2": "UON CRISSP+"
  },
  {
    "couid": "UscRnEmcK02",
    "coname": "FHI 360",
    "ccouid": "Ad5qfbIicUa",
    "cconame2": "FHI 360"
  },
  {
    "couid": "OkMcxdJzp8Q",
    "coname": "EGPAF-TUNAWEZA",
    "ccouid": "ANKcVe1N6SS",
    "cconame2": "EGPAF-TUNAWEZA"
  },
  {
    "couid": "mVoikQ8W4oc",
    "coname": "USAID Stawisha Pwani",
    "ccouid": "ap0PwdPqlkL",
    "cconame2": "USAID Stawisha Pwani"
  },
  {
    "couid": "K7k3K3jtq6j",
    "coname": "Female <01 Yrs",
    "ccouid": "aVE8IINNaoV",
    "cconame2": "Female <01 Yrs"
  },
  {
    "couid": "PBXBKTzqOEB",
    "coname": "ICAP Eastern",
    "ccouid": "aWF97P0RwIu",
    "cconame2": "ICAP Eastern"
  },
  {
    "couid": "dBGWKhgcfHi",
    "coname": "AIDS Healthcare Foundation (AHF)",
    "ccouid": "BkpKY773kbI",
    "cconame2": "AIDS Healthcare Foundation (AHF)"
  },
  {
    "couid": "Gz7D5TtCtfA",
    "coname": "USAID Tumikia Mtoto",
    "ccouid": "bsFp3867Tmq",
    "cconame2": "USAID Tumikia Mtoto"
  },
  {
    "couid": "l9VNF9RapUc",
    "coname": "Male 45-49 Yrs",
    "ccouid": "CBarTMUgAoF",
    "cconame2": "Male 45-49 Yrs"
  },
  {
    "couid": "g5IrOeusHAy",
    "coname": "TX New Target",
    "ccouid": "CU0LJ71KD6V",
    "cconame2": "TX New Target"
  },
  {
    "couid": "R7VeIW1jofI",
    "coname": "14-Sep",
    "ccouid": "CuZVbzKaoK3",
    "cconame2": 44818
  },
  {
    "couid": "kGqwKzwdW8N",
    "coname": "Boresha maabara, UOM",
    "ccouid": "d6vbZ1cWpEy",
    "cconame2": "Boresha maabara, UOM"
  },
  {
    "couid": "qe2XolaQP1j",
    "coname": "KCCB-KARP",
    "ccouid": "DlgTPbs90el",
    "cconame2": "KCCB-KARP"
  },
  {
    "couid": "rfoiP0N9lUz",
    "coname": "HJF-Nairobi",
    "ccouid": "dsv2BhBor8i",
    "cconame2": "HJF-Nairobi"
  },
  {
    "couid": "IHYBrrEhihx",
    "coname": "Male 35-39 Yrs",
    "ccouid": "dZUO1Yg3KgP",
    "cconame2": "Male 35-39 Yrs"
  },
  {
    "couid": "yH3oqOmjeEf",
    "coname": "CHS - Naishi",
    "ccouid": "EdsnD8uQJbe",
    "cconame2": "CHS - Naishi"
  },
  {
    "couid": "n8bs6QeXhiI",
    "coname": "TRANSGENDER",
    "ccouid": "EdsVBmKlEqu",
    "cconame2": "TRANSGENDER"
  },
  {
    "couid": "SKtUUEv0gV8",
    "coname": "Healthstrat TACT programme",
    "ccouid": "ERfMdrCEl92",
    "cconame2": "Healthstrat TACT programme"
  },
  {
    "couid": "cTOfNCbAmmJ",
    "coname": "Female 40-44 Yrs",
    "ccouid": "fd9A7UpyFZY",
    "cconame2": "Female 40-44 Yrs"
  },
  {
    "couid": "DOVuNOK6W1q",
    "coname": "USAID Nuru ya Mtoto",
    "ccouid": "FDpOgzX6HMX",
    "cconame2": "USAID Nuru ya Mtoto"
  },
  {
    "couid": "ZP7695AsKWl",
    "coname": "USAID Tujenge Jamii",
    "ccouid": "ffOSsK1od9t",
    "cconame2": "USAID Tujenge Jamii"
  },
  {
    "couid": "TprGYJFsZJ2",
    "coname": "EGPAF-TIMIZA90 (Homabay)",
    "ccouid": "fg5bVULLclO",
    "cconame2": "EGPAF-TIMIZA90 (Homabay)"
  },
  {
    "couid": "vWNbMTmNoH0",
    "coname": "Siaya MOH CoAg",
    "ccouid": "FnrrOR9mlu2",
    "cconame2": "Siaya MOH CoAg"
  },
  {
    "couid": "COcr6ZmIqGk",
    "coname": "Above 15",
    "ccouid": "FvTneKqGVVQ",
    "cconame2": "Above 15"
  },
  {
    "couid": "eA3FCeu5Vqe",
    "coname": "Female 45-49 Yrs",
    "ccouid": "gaRtxCBgPY4",
    "cconame2": "Female 45-49 Yrs"
  },
  {
    "couid": "uZbCSnQmep3",
    "coname": "MSM",
    "ccouid": "GDL6OUxHV2R",
    "cconame2": "MSM"
  },
  {
    "couid": "E9WHNO9tP8c",
    "coname": "USAID",
    "ccouid": "gEMvNvc0hMk",
    "cconame2": "USAID"
  },
  {
    "couid": "Aj5ZI7Aye8f",
    "coname": "FSW",
    "ccouid": "GLioOe0gJzb",
    "cconame2": "FSW"
  },
  {
    "couid": "jNZnsvGyZUb",
    "coname": "Less 15 Male",
    "ccouid": "gsvUz1Bq5B3",
    "cconame2": "Less 15 Male"
  },
  {
    "couid": "SuIPMBE1tdx",
    "coname": "AMPATH Plus",
    "ccouid": "GtPGEDlPVMM",
    "cconame2": "AMPATH Plus"
  },
  {
    "couid": "xYerKDKCefk",
    "coname": "default",
    "ccouid": "HllvX50cXC0",
    "cconame2": "default"
  },
  {
    "couid": "XnURqa8h0si",
    "coname": "HOPE Worldwide",
    "ccouid": "hqXIVHiwRUM",
    "cconame2": "HOPE Worldwide"
  },
  {
    "couid": "bwowUV9bYyU",
    "coname": "Unknown",
    "ccouid": "HwCM36RPIKQ",
    "cconame2": "Unknown"
  },
  {
    "couid": "SqCUkZUzneB",
    "coname": "PWID",
    "ccouid": "ILHZjCYRo4C",
    "cconame2": "PWID"
  },
  {
    "couid": "Z368IpdLnKh",
    "coname": "Female 20-24 Yrs",
    "ccouid": "iQcIyqXoPEk",
    "cconame2": "Female 20-24 Yrs"
  },
  {
    "couid": "WtJP3bZTEdA",
    "coname": "Below 15",
    "ccouid": "IuyOHPVtkmd",
    "cconame2": "Below 15"
  },
  {
    "couid": "QaC67Z5lwb5",
    "coname": "Pos Target",
    "ccouid": "JBEd8kufzss",
    "cconame2": "Pos Target"
  },
  {
    "couid": "AmVEnLbY8uG",
    "coname": "UON MARPS",
    "ccouid": "JYxUZE0gJzc",
    "cconame2": "UON MARPS"
  },
  {
    "couid": "iRFEcXxX5yb",
    "coname": "Lea Toto Program",
    "ccouid": "K4nVgOOtTDE",
    "cconame2": "Lea Toto Program"
  },
  {
    "couid": "SWki4hUqE5X",
    "coname": "UCSF - FACES",
    "ccouid": "k5LZzoEMt9u",
    "cconame2": "UCSF - FACES"
  },
  {
    "couid": "H0LeG8XsLNI",
    "coname": "Male 20-24 Yrs",
    "ccouid": "KA1engUnJTv",
    "cconame2": "Male 20-24 Yrs"
  },
  {
    "couid": "e1wDm7pEmod",
    "coname": "UON-CoEHM",
    "ccouid": "keLISbkeSQd",
    "cconame2": "UON-CoEHM"
  },
  {
    "couid": "JC2eFCGjkzM",
    "coname": "Female 10-14 Yrs",
    "ccouid": "lAkXSVde0Qj",
    "cconame2": "Female 10-14 Yrs"
  },
  {
    "couid": "jcJyqsKRHbq",
    "coname": ">5 yrs",
    "ccouid": "Lg7LigY683P",
    "cconame2": ">5 yrs"
  },
  {
    "couid": "n3eUNNu25kG",
    "coname": "Female 01-04 Yrs",
    "ccouid": "lgmyQAA7yka",
    "cconame2": "Female 01-04 Yrs"
  },
  {
    "couid": "x765BHUkavs",
    "coname": "Male 01-04 Yrs",
    "ccouid": "LolE23xLKRn",
    "cconame2": "Male 01-04 Yrs"
  },
  {
    "couid": "SFqf7fjclKx",
    "coname": "Female 35-39 Yrs",
    "ccouid": "m2CHZ9lEx1d",
    "cconame2": "Female 35-39 Yrs"
  },
  {
    "couid": "LfoFYPZc4U7",
    "coname": "Female 30-34 Yrs",
    "ccouid": "M7zw7VtYN5d",
    "cconame2": "Female 30-34 Yrs"
  },
  {
    "couid": "D7AS38Pze0F",
    "coname": "USAID Dumisha Afya",
    "ccouid": "Ma0L6HU2NLn",
    "cconame2": "USAID Dumisha Afya"
  },
  {
    "couid": "FbEu4ZmLUqK",
    "coname": "15-17",
    "ccouid": "Mzbdx2hQR0Q",
    "cconame2": "15-17"
  },
  {
    "couid": "bsD5HwKJjFS",
    "coname": "USAID AMPATH Uzima",
    "ccouid": "NLTf2NvTWHE",
    "cconame2": "USAID AMPATH Uzima"
  },
  {
    "couid": "Pug5jelN5xz",
    "coname": "Global Implementation Solutions (GIS)",
    "ccouid": "NRLtS5HzPvE",
    "cconame2": "Global Implementation Solutions (GIS)"
  },
  {
    "couid": "aXFi721meDW",
    "coname": "20-24",
    "ccouid": "NvJnVnyVjrE",
    "cconame2": "20-24"
  },
  {
    "couid": "A6Tizyw5RMA",
    "coname": "CARE International Kenya",
    "ccouid": "NxaMaDE1szG",
    "cconame2": "CARE International Kenya"
  },
  {
    "couid": "MZQY1ZPAYCY",
    "coname": "Afya Jijini project",
    "ccouid": "o6aDBbbn9AA",
    "cconame2": "Afya Jijini project"
  },
  {
    "couid": "SABTpC1HIld",
    "coname": "Speed24",
    "ccouid": "oG9MskbCw7i",
    "cconame2": "Speed24"
  },
  {
    "couid": "fBCEYe6pmaw",
    "coname": "USAID Jamii Tekelezi",
    "ccouid": "OPqNAPW9AWR",
    "cconame2": "USAID Jamii Tekelezi"
  },
  {
    "couid": "XazGLsdcppg",
    "coname": "USAID Tujitegemee",
    "ccouid": "p18zTxhz7DF",
    "cconame2": "USAID Tujitegemee"
  },
  {
    "couid": "PA8qJa6Ugmc",
    "coname": "HJF-South Rift Valley",
    "ccouid": "P8KK58NJtHI",
    "cconame2": "HJF-South Rift Valley"
  },
  {
    "couid": "K91teOK28ji",
    "coname": "MSW",
    "ccouid": "pasTazIwPxK",
    "cconame2": "MSW"
  },
  {
    "couid": "vUO19dBpTi6",
    "coname": "Afya Ziwani",
    "ccouid": "pbWJju4NuvF",
    "cconame2": "Afya Ziwani"
  },
  {
    "couid": "jEtKvSdlHpK",
    "coname": "USAID Imarisha Jamii",
    "ccouid": "PDTo1fXsz0M",
    "cconame2": "USAID Imarisha Jamii"
  },
  {
    "couid": "aPISVO6fGXf",
    "coname": "LVCT",
    "ccouid": "plgojWLaOSJ",
    "cconame2": "LVCT"
  },
  {
    "couid": "is09NROcUeR",
    "coname": "USAID4TheChild",
    "ccouid": "Poii5tW9RkF",
    "cconame2": "USAID4TheChild"
  },
  {
    "couid": "TPMswba5tT9",
    "coname": "Aphia Plus HCM",
    "ccouid": "px1xgeBYAFu",
    "cconame2": "Aphia Plus HCM"
  },
  {
    "couid": "thhInJxfTgf",
    "coname": "Nilinde,Coast",
    "ccouid": "qchBB3kIxV4",
    "cconame2": "Nilinde,Coast"
  },
  {
    "couid": "IPo5l08Oltf",
    "coname": "Mkomani Clinic Society",
    "ccouid": "qxDCRg3zAOI",
    "cconame2": "Mkomani Clinic Society"
  },
  {
    "couid": "ikkF5GHE3MP",
    "coname": "Male 40-44 Yrs",
    "ccouid": "r82kvTTmbdk",
    "cconame2": "Male 40-44 Yrs"
  },
  {
    "couid": "wOnVXyO8lEJ",
    "coname": "Male 10-14 Yrs",
    "ccouid": "Rb1lkt7ydBP",
    "cconame2": "Male 10-14 Yrs"
  },
  {
    "couid": "CpLQc7P8H1G",
    "coname": "Female 05-09 Yrs",
    "ccouid": "RBpmiZ2S7oy",
    "cconame2": "Female 05-09 Yrs"
  },
  {
    "couid": "DfQtifjJmUL",
    "coname": "AMREF REACH90",
    "ccouid": "RgACFzAPsCB",
    "cconame2": "AMREF REACH90"
  },
  {
    "couid": "VTbWIhYaKKk",
    "coname": "Step 2: Identify how many biological children and siblings <19 yo of these identified clients",
    "ccouid": "sd1zCibW5AQ",
    "cconame2": "Step 2: Identify how many biological children and siblings <19 yo of these identified clients"
  },
  {
    "couid": "tLboNXmYhMO",
    "coname": "Male <01 Yrs",
    "ccouid": "SE0eSIThI7z",
    "cconame2": "Male <01 Yrs"
  },
  {
    "couid": "c9DNL2zi92h",
    "coname": "18-19",
    "ccouid": "SjHNZDCgtyv",
    "cconame2": "18-19"
  },
  {
    "couid": "lt6GFMucPzG",
    "coname": "USAID Fahari Ya Jamii",
    "ccouid": "smULpbLjqkE",
    "cconame2": "USAID Fahari Ya Jamii"
  },
  {
    "couid": "LUWM60xLxBw",
    "coname": "EGPAF ZUIA",
    "ccouid": "SSqaqncxMxu",
    "cconame2": "EGPAF ZUIA"
  },
  {
    "couid": "XakDkEteZ8n",
    "coname": "Afya Nyota ya Bonde",
    "ccouid": "sZ0yTKNicZl",
    "cconame2": "Afya Nyota ya Bonde"
  },
  {
    "couid": "ZsZiD7tMEME",
    "coname": "CHS - Tegemeza Plus",
    "ccouid": "t2Xq8l4idNu",
    "cconame2": "CHS - Tegemeza Plus"
  },
  {
    "couid": "rQlek1MJqNR",
    "coname": "PHASE",
    "ccouid": "T6aS3rn422f",
    "cconame2": "PHASE"
  },
  {
    "couid": "dnTL5PQqL3M",
    "coname": "Male 15-19 Yrs",
    "ccouid": "T7cZL3ZiOu8",
    "cconame2": "Male 15-19 Yrs"
  },
  {
    "couid": "kF0bPRXWYHw",
    "coname": "USAID Boresha Jamii",
    "ccouid": "tHaeHIzuLkO",
    "cconame2": "USAID Boresha Jamii"
  },
  {
    "couid": "Lxxgxt1sgmK",
    "coname": "CHAK-CDC HIV-AIDS Program",
    "ccouid": "TILpAQOmstH",
    "cconame2": "CHAK-CDC HIV-AIDS Program"
  },
  {
    "couid": "dhOPMg5IdNS",
    "coname": "Coptic Hospital",
    "ccouid": "TJzuYjeYvTr",
    "cconame2": "Coptic Hospital"
  },
  {
    "couid": "TXLcF68aGks",
    "coname": "Female 50+ Yrs",
    "ccouid": "TPYtZerlDbh",
    "cconame2": "Female 50+ Yrs"
  },
  {
    "couid": "DsDw8FlcyKZ",
    "coname": "PWUD",
    "ccouid": "TXhtONIItgu",
    "cconame2": "PWUD"
  },
  {
    "couid": "nfPEtPejOCl",
    "coname": "TBD",
    "ccouid": "u9dCOEMtJuq",
    "cconame2": "TBD"
  },
  {
    "couid": "WqRU554b9Ax",
    "coname": "Afya Pwani",
    "ccouid": "UhXtK65OIxi",
    "cconame2": "Afya Pwani"
  },
  {
    "couid": "eE6NixiubUX",
    "coname": "Male 25-29 Yrs",
    "ccouid": "upuJgz8kMRe",
    "cconame2": "Male 25-29 Yrs"
  },
  {
    "couid": "b3aPuJhOmCd",
    "coname": "Above 15 Female",
    "ccouid": "usISgnYX5ke",
    "cconame2": "Above 15 Female"
  },
  {
    "couid": "WyN6Trkn3VP",
    "coname": "UMB Western Kenya-Timiza",
    "ccouid": "UUOyFMKzpbC",
    "cconame2": "UMB Western Kenya-Timiza"
  },
  {
    "couid": "kZD6DkiLpha",
    "coname": "Male 50+ Yrs",
    "ccouid": "uVLMGtxHEUO",
    "cconame2": "Male 50+ Yrs"
  },
  {
    "couid": "iLkBCOg5rs7",
    "coname": "Female 25-29 Yrs",
    "ccouid": "v0mNIDkwPrc",
    "cconame2": "Female 25-29 Yrs"
  },
  {
    "couid": "adnY9pEbLRh",
    "coname": "OU",
    "ccouid": "vfYirA3SzWq",
    "cconame2": "OU"
  },
  {
    "couid": "L0ZHuJdHI2O",
    "coname": "HJF Kisumu West",
    "ccouid": "vMmAxw1VU1Y",
    "cconame2": "HJF Kisumu West"
  },
  {
    "couid": "Y99IdhUBwVt",
    "coname": "Aphia Plus Imarisha",
    "ccouid": "VnNeg3fJSey",
    "cconame2": "Aphia Plus Imarisha"
  },
  {
    "couid": "G7nBcvsuJUE",
    "coname": "25+",
    "ccouid": "VoIV3NFUGFL",
    "cconame2": "25+"
  },
  {
    "couid": "wVSW0uQ9lOy",
    "coname": "EGPAF-TIMIZA90 (Turkana)",
    "ccouid": "VOlxVS6qn3w",
    "cconame2": "EGPAF-TIMIZA90 (Turkana)"
  },
  {
    "couid": "cETYpc9oWU5",
    "coname": "No Partner",
    "ccouid": "vxj0USPdpGx",
    "cconame2": "No Partner"
  },
  {
    "couid": "d48lfxw9xH4",
    "coname": "DREAM Kenya Trust",
    "ccouid": "vZbdUZFAI5Q",
    "cconame2": "DREAM Kenya Trust"
  },
  {
    "couid": "Ci2p7dNfrhH",
    "coname": "UoMaryland-PACT Endeleza",
    "ccouid": "wDgjSfqxUu5",
    "cconame2": "UoMaryland-PACT Endeleza"
  },
  {
    "couid": "KAz0EaJpQak",
    "coname": "Known HIV Status",
    "ccouid": "wKbTHGpsTrG",
    "cconame2": "Known HIV Status"
  },
  {
    "couid": "WQpmVsfVYJ0",
    "coname": "CHS - Western Kenya",
    "ccouid": "WsTGibhnHZ1",
    "cconame2": "CHS - Western Kenya"
  },
  {
    "couid": "Fc0LqGvdsCZ",
    "coname": "Aphia Plus Western",
    "ccouid": "wT2QWmMv3mp",
    "cconame2": "Aphia Plus Western"
  },
  {
    "couid": "QobPrDDMzgc",
    "coname": "IRDO-Pembetatu",
    "ccouid": "XA5BvPbzi9y",
    "cconame2": "IRDO-Pembetatu"
  },
  {
    "couid": "SYs4h0eQ8dw",
    "coname": "ICAP JOOTRH",
    "ccouid": "XMsSYPYJeoY",
    "cconame2": "ICAP JOOTRH"
  },
  {
    "couid": "NsZFfuN0zrV",
    "coname": "Male 05-09 Yrs",
    "ccouid": "XvYnyY5hSQg",
    "cconame2": "Male 05-09 Yrs"
  },
  {
    "couid": "Ma9HsZtK2f1",
    "coname": "Above 15 Male",
    "ccouid": "Yba1MFCa7TN",
    "cconame2": "Above 15 Male"
  },
  {
    "couid": "FzkHUYHSnpj",
    "coname": "Reported Value",
    "ccouid": "YGbUosALx6Q",
    "cconame2": "Reported Value"
  },
  {
    "couid": "DFaz52xtWbH",
    "coname": "Male 30-34 Yrs",
    "ccouid": "yGphl2ine97",
    "cconame2": "Male 30-34 Yrs"
  },
  {
    "couid": "YCrfFb7th3P",
    "coname": "Female 15-19 Yrs",
    "ccouid": "YO4zJ5IOBns",
    "cconame2": "Female 15-19 Yrs"
  },
  {
    "couid": "gwZ2Tgkm3qO",
    "coname": "University of Manitoba",
    "ccouid": "YVPdGsC69oV",
    "cconame2": "University of Manitoba"
  },
  {
    "couid": "HICVTWtLNFg",
    "coname": "Unknown HIV Status",
    "ccouid": "z9sonlYowXx",
    "cconame2": "Unknown HIV Status"
  },
  {
    "couid": "Jft4an3wRFI",
    "coname": "EDARP",
    "ccouid": "zLPQqMWzOwE",
    "cconame2": "EDARP"
  },
  {
    "couid": "BNjSp2Hy6Sm",
    "coname": "Testing Target",
    "ccouid": "ZnL9MJWc7f9",
    "cconame2": "Testing Target"
  },
  {
    "couid": "kw4qGHpySEN",
    "coname": "<5 yrs",
    "ccouid": "Zx3TGD2cddl",
    "cconame2": "<5 yrs"
  },
  {
    "couid": "iI8P1gEpTxf",
    "coname": "Afya Kamilisha",
    "ccouid": "Zxpl9pC73NX",
    "cconame2": "Afya Kamilisha"
  }
]