[
  {
    "startdate": "2021-10-04",
    "enddate": "2021-10-10",
    "periodtypeid": 2,
    "weekday": 1,
    "dhisweek": 40,
    "weeknumber": "",
    "hfrmonth": 1,
    "month": 10,
    "year": 2021,
    "financialyear": 2022,
    "queryvar": "2021W40"
  },
  {
    "startdate": "2021-10-11",
    "enddate": "2021-10-17",
    "periodtypeid": 2,
    "weekday": 1,
    "dhisweek": 41,
    "weeknumber": "",
    "hfrmonth": 1,
    "month": 10,
    "year": 2021,
    "financialyear": 2022,
    "queryvar": "2021W41"
  },
  {
    "startdate": "2021-10-18",
    "enddate": "2021-10-24",
    "periodtypeid": 2,
    "weekday": 1,
    "dhisweek": 42,
    "weeknumber": "",
    "hfrmonth": 1,
    "month": 10,
    "year": 2021,
    "financialyear": 2022,
    "queryvar": "2021W42"
  },
  {
    "startdate": "2021-10-25",
    "enddate": "2021-10-31",
    "periodtypeid": 2,
    "weekday": 1,
    "dhisweek": 43,
    "weeknumber": "",
    "hfrmonth": 1,
    "month": 10,
    "year": 2021,
    "financialyear": 2022,
    "queryvar": "2021W43"
  },
  {
    "startdate": "2021-11-01",
    "enddate": "2021-11-07",
    "periodtypeid": 2,
    "weekday": 1,
    "dhisweek": 44,
    "weeknumber": "",
    "hfrmonth": 2,
    "month": 11,
    "year": 2021,
    "financialyear": 2022,
    "queryvar": "2021W44"
  },
  {
    "startdate": "2021-11-08",
    "enddate": "2021-11-14",
    "periodtypeid": 2,
    "weekday": 1,
    "dhisweek": 45,
    "weeknumber": "",
    "hfrmonth": 2,
    "month": 11,
    "year": 2021,
    "financialyear": 2022,
    "queryvar": "2021W45"
  },
  {
    "startdate": "2021-11-15",
    "enddate": "2021-11-21",
    "periodtypeid": 2,
    "weekday": 1,
    "dhisweek": 46,
    "weeknumber": "",
    "hfrmonth": 2,
    "month": 11,
    "year": 2021,
    "financialyear": 2022,
    "queryvar": "2021W46"
  },
  {
    "startdate": "2021-11-22",
    "enddate": "2021-11-28",
    "periodtypeid": 2,
    "weekday": 1,
    "dhisweek": 47,
    "weeknumber": "",
    "hfrmonth": 2,
    "month": 11,
    "year": 2021,
    "financialyear": 2022,
    "queryvar": "2021W47"
  },
  {
    "startdate": "2021-11-29",
    "enddate": "2021-12-05",
    "periodtypeid": 2,
    "weekday": 1,
    "dhisweek": 48,
    "weeknumber": "",
    "hfrmonth": 2,
    "month": 11,
    "year": 2021,
    "financialyear": 2022,
    "queryvar": "2021W48"
  },
  {
    "startdate": "2021-12-06",
    "enddate": "2021-12-12",
    "periodtypeid": 2,
    "weekday": 1,
    "dhisweek": 49,
    "weeknumber": "",
    "hfrmonth": 3,
    "month": 12,
    "year": 2021,
    "financialyear": 2022,
    "queryvar": "2021W49"
  },
  {
    "startdate": "2021-12-13",
    "enddate": "2021-12-19",
    "periodtypeid": 2,
    "weekday": 1,
    "dhisweek": 50,
    "weeknumber": "",
    "hfrmonth": 3,
    "month": 12,
    "year": 2021,
    "financialyear": 2022,
    "queryvar": "2021W50"
  },
  {
    "startdate": "2021-12-20",
    "enddate": "2021-12-26",
    "periodtypeid": 2,
    "weekday": 1,
    "dhisweek": 51,
    "weeknumber": "",
    "hfrmonth": 3,
    "month": 12,
    "year": 2021,
    "financialyear": 2022,
    "queryvar": "2021W51"
  },
  {
    "startdate": "2021-12-27",
    "enddate": "2022-01-02",
    "periodtypeid": 2,
    "weekday": 1,
    "dhisweek": 52,
    "weeknumber": "",
    "hfrmonth": 3,
    "month": 12,
    "year": 2021,
    "financialyear": 2022,
    "queryvar": "2021W52"
  },
  {
    "startdate": "2022-01-03",
    "enddate": "2022-01-09",
    "periodtypeid": 2,
    "weekday": 1,
    "dhisweek": 1,
    "weeknumber": "",
    "hfrmonth": 4,
    "month": 1,
    "year": 2022,
    "financialyear": 2022,
    "queryvar": "2022W1"
  },
  {
    "startdate": "2022-01-10",
    "enddate": "2022-01-16",
    "periodtypeid": 2,
    "weekday": 1,
    "dhisweek": 2,
    "weeknumber": "",
    "hfrmonth": 4,
    "month": 1,
    "year": 2022,
    "financialyear": 2022,
    "queryvar": "2022W2"
  },
  {
    "startdate": "2022-01-17",
    "enddate": "2022-01-23",
    "periodtypeid": 2,
    "weekday": 1,
    "dhisweek": 3,
    "weeknumber": "",
    "hfrmonth": 4,
    "month": 1,
    "year": 2022,
    "financialyear": 2022,
    "queryvar": "2022W3"
  },
  {
    "startdate": "2022-01-24",
    "enddate": "2022-01-30",
    "periodtypeid": 2,
    "weekday": 1,
    "dhisweek": 4,
    "weeknumber": "",
    "hfrmonth": 4,
    "month": 1,
    "year": 2022,
    "financialyear": 2022,
    "queryvar": "2022W4"
  },
  {
    "startdate": "2022-01-31",
    "enddate": "2022-02-06",
    "periodtypeid": 2,
    "weekday": 1,
    "dhisweek": 5,
    "weeknumber": "",
    "hfrmonth": 5,
    "month": 1,
    "year": 2022,
    "financialyear": 2022,
    "queryvar": "2022W5"
  },
  {
    "startdate": "2022-02-07",
    "enddate": "2022-02-13",
    "periodtypeid": 2,
    "weekday": 1,
    "dhisweek": 6,
    "weeknumber": "",
    "hfrmonth": 5,
    "month": 2,
    "year": 2022,
    "financialyear": 2022,
    "queryvar": "2022W6"
  },
  {
    "startdate": "2022-02-14",
    "enddate": "2022-02-20",
    "periodtypeid": 2,
    "weekday": 1,
    "dhisweek": 7,
    "weeknumber": "",
    "hfrmonth": 5,
    "month": 2,
    "year": 2022,
    "financialyear": 2022,
    "queryvar": "2022W7"
  },
  {
    "startdate": "2022-02-21",
    "enddate": "2022-02-27",
    "periodtypeid": 2,
    "weekday": 1,
    "dhisweek": 8,
    "weeknumber": "",
    "hfrmonth": 5,
    "month": 2,
    "year": 2022,
    "financialyear": 2022,
    "queryvar": "2022W8"
  },
  {
    "startdate": "2022-02-28",
    "enddate": "2022-03-06",
    "periodtypeid": 2,
    "weekday": 1,
    "dhisweek": 9,
    "weeknumber": "",
    "hfrmonth": 5,
    "month": 2,
    "year": 2022,
    "financialyear": 2022,
    "queryvar": "2022W9"
  },
  {
    "startdate": "2022-03-07",
    "enddate": "2022-03-13",
    "periodtypeid": 2,
    "weekday": 1,
    "dhisweek": 10,
    "weeknumber": "",
    "hfrmonth": 6,
    "month": 3,
    "year": 2022,
    "financialyear": 2022,
    "queryvar": "2022W10"
  },
  {
    "startdate": "2022-03-14",
    "enddate": "2022-03-20",
    "periodtypeid": 2,
    "weekday": 1,
    "dhisweek": 11,
    "weeknumber": "",
    "hfrmonth": 6,
    "month": 3,
    "year": 2022,
    "financialyear": 2022,
    "queryvar": "2022W11"
  },
  {
    "startdate": "2022-03-21",
    "enddate": "2022-03-27",
    "periodtypeid": 2,
    "weekday": 1,
    "dhisweek": 12,
    "weeknumber": "",
    "hfrmonth": 6,
    "month": 3,
    "year": 2022,
    "financialyear": 2022,
    "queryvar": "2022W12"
  },
  {
    "startdate": "2022-03-28",
    "enddate": "2022-04-03",
    "periodtypeid": 2,
    "weekday": 1,
    "dhisweek": 13,
    "weeknumber": "",
    "hfrmonth": 6,
    "month": 3,
    "year": 2022,
    "financialyear": 2022,
    "queryvar": "2022W13"
  },
  {
    "startdate": "2022-04-04",
    "enddate": "2022-04-10",
    "periodtypeid": 2,
    "weekday": 1,
    "dhisweek": 14,
    "weeknumber": "",
    "hfrmonth": 7,
    "month": 4,
    "year": 2022,
    "financialyear": 2022,
    "queryvar": "2022W14"
  },
  {
    "startdate": "2022-04-11",
    "enddate": "2022-04-17",
    "periodtypeid": 2,
    "weekday": 1,
    "dhisweek": 15,
    "weeknumber": "",
    "hfrmonth": 7,
    "month": 4,
    "year": 2022,
    "financialyear": 2022,
    "queryvar": "2022W15"
  },
  {
    "startdate": "2022-04-18",
    "enddate": "2022-04-24",
    "periodtypeid": 2,
    "weekday": 1,
    "dhisweek": 16,
    "weeknumber": "",
    "hfrmonth": 7,
    "month": 4,
    "year": 2022,
    "financialyear": 2022,
    "queryvar": "2022W16"
  },
  {
    "startdate": "2022-04-25",
    "enddate": "2022-05-01",
    "periodtypeid": 2,
    "weekday": 1,
    "dhisweek": 17,
    "weeknumber": "",
    "hfrmonth": 7,
    "month": 4,
    "year": 2022,
    "financialyear": 2022,
    "queryvar": "2022W17"
  },
  {
    "startdate": "2022-05-02",
    "enddate": "2022-05-08",
    "periodtypeid": 2,
    "weekday": 1,
    "dhisweek": 18,
    "weeknumber": "",
    "hfrmonth": 8,
    "month": 5,
    "year": 2022,
    "financialyear": 2022,
    "queryvar": "2022W18"
  },
  {
    "startdate": "2022-05-09",
    "enddate": "2022-05-15",
    "periodtypeid": 2,
    "weekday": 1,
    "dhisweek": 19,
    "weeknumber": "",
    "hfrmonth": 8,
    "month": 5,
    "year": 2022,
    "financialyear": 2022,
    "queryvar": "2022W19"
  },
  {
    "startdate": "2022-05-16",
    "enddate": "2022-05-22",
    "periodtypeid": 2,
    "weekday": 1,
    "dhisweek": 20,
    "weeknumber": "",
    "hfrmonth": 8,
    "month": 5,
    "year": 2022,
    "financialyear": 2022,
    "queryvar": "2022W20"
  },
  {
    "startdate": "2022-05-23",
    "enddate": "2022-05-29",
    "periodtypeid": 2,
    "weekday": 1,
    "dhisweek": 21,
    "weeknumber": "",
    "hfrmonth": 8,
    "month": 5,
    "year": 2022,
    "financialyear": 2022,
    "queryvar": "2022W21"
  },
  {
    "startdate": "2022-05-30",
    "enddate": "2022-06-05",
    "periodtypeid": 2,
    "weekday": 1,
    "dhisweek": 22,
    "weeknumber": "",
    "hfrmonth": 8,
    "month": 5,
    "year": 2022,
    "financialyear": 2022,
    "queryvar": "2022W22"
  },
  {
    "startdate": "2022-06-06",
    "enddate": "2022-06-12",
    "periodtypeid": 2,
    "weekday": 1,
    "dhisweek": 23,
    "weeknumber": "",
    "hfrmonth": 9,
    "month": 6,
    "year": 2022,
    "financialyear": 2022,
    "queryvar": "2022W23"
  },
  {
    "startdate": "2022-06-13",
    "enddate": "2022-06-19",
    "periodtypeid": 2,
    "weekday": 1,
    "dhisweek": 24,
    "weeknumber": "",
    "hfrmonth": 9,
    "month": 6,
    "year": 2022,
    "financialyear": 2022,
    "queryvar": "2022W24"
  },
  {
    "startdate": "2022-06-20",
    "enddate": "2022-06-26",
    "periodtypeid": 2,
    "weekday": 1,
    "dhisweek": 25,
    "weeknumber": "",
    "hfrmonth": 9,
    "month": 6,
    "year": 2022,
    "financialyear": 2022,
    "queryvar": "2022W25"
  },
  {
    "startdate": "2022-06-27",
    "enddate": "2022-07-03",
    "periodtypeid": 2,
    "weekday": 1,
    "dhisweek": 26,
    "weeknumber": "",
    "hfrmonth": 9,
    "month": 6,
    "year": 2022,
    "financialyear": 2022,
    "queryvar": "2022W26"
  },
  {
    "startdate": "2022-07-04",
    "enddate": "2022-07-10",
    "periodtypeid": 2,
    "weekday": 1,
    "dhisweek": 27,
    "weeknumber": "",
    "hfrmonth": 10,
    "month": 7,
    "year": 2022,
    "financialyear": 2022,
    "queryvar": "2022W27"
  },
  {
    "startdate": "2022-07-11",
    "enddate": "2022-07-17",
    "periodtypeid": 2,
    "weekday": 1,
    "dhisweek": 28,
    "weeknumber": "",
    "hfrmonth": 10,
    "month": 7,
    "year": 2022,
    "financialyear": 2022,
    "queryvar": "2022W28"
  },
  {
    "startdate": "2022-07-18",
    "enddate": "2022-07-24",
    "periodtypeid": 2,
    "weekday": 1,
    "dhisweek": 29,
    "weeknumber": "",
    "hfrmonth": 10,
    "month": 7,
    "year": 2022,
    "financialyear": 2022,
    "queryvar": "2022W29"
  },
  {
    "startdate": "2022-07-25",
    "enddate": "2022-07-31",
    "periodtypeid": 2,
    "weekday": 1,
    "dhisweek": 30,
    "weeknumber": "",
    "hfrmonth": 10,
    "month": 7,
    "year": 2022,
    "financialyear": 2022,
    "queryvar": "2022W30"
  },
  {
    "startdate": "2022-08-01",
    "enddate": "2022-08-07",
    "periodtypeid": 2,
    "weekday": 1,
    "dhisweek": 31,
    "weeknumber": "",
    "hfrmonth": 11,
    "month": 8,
    "year": 2022,
    "financialyear": 2022,
    "queryvar": "2022W31"
  },
  {
    "startdate": "2022-08-08",
    "enddate": "2022-08-14",
    "periodtypeid": 2,
    "weekday": 1,
    "dhisweek": 32,
    "weeknumber": "",
    "hfrmonth": 11,
    "month": 8,
    "year": 2022,
    "financialyear": 2022,
    "queryvar": "2022W32"
  },
  {
    "startdate": "2022-08-15",
    "enddate": "2022-08-21",
    "periodtypeid": 2,
    "weekday": 1,
    "dhisweek": 33,
    "weeknumber": "",
    "hfrmonth": 11,
    "month": 8,
    "year": 2022,
    "financialyear": 2022,
    "queryvar": "2022W33"
  },
  {
    "startdate": "2022-08-22",
    "enddate": "2022-08-28",
    "periodtypeid": 2,
    "weekday": 1,
    "dhisweek": 34,
    "weeknumber": "",
    "hfrmonth": 11,
    "month": 8,
    "year": 2022,
    "financialyear": 2022,
    "queryvar": "2022W34"
  },
  {
    "startdate": "2022-08-29",
    "enddate": "2022-09-04",
    "periodtypeid": 2,
    "weekday": 1,
    "dhisweek": 35,
    "weeknumber": "",
    "hfrmonth": 11,
    "month": 8,
    "year": 2022,
    "financialyear": 2022,
    "queryvar": "2022W35"
  },
  {
    "startdate": "2022-09-05",
    "enddate": "2022-09-11",
    "periodtypeid": 2,
    "weekday": 1,
    "dhisweek": 36,
    "weeknumber": "",
    "hfrmonth": 12,
    "month": 9,
    "year": 2022,
    "financialyear": 2022,
    "queryvar": "2022W36"
  },
  {
    "startdate": "2022-09-12",
    "enddate": "2022-09-18",
    "periodtypeid": 2,
    "weekday": 1,
    "dhisweek": 37,
    "weeknumber": "",
    "hfrmonth": 12,
    "month": 9,
    "year": 2022,
    "financialyear": 2022,
    "queryvar": "2022W37"
  },
  {
    "startdate": "2022-09-19",
    "enddate": "2022-09-25",
    "periodtypeid": 2,
    "weekday": 1,
    "dhisweek": 38,
    "weeknumber": "",
    "hfrmonth": 12,
    "month": 9,
    "year": 2022,
    "financialyear": 2022,
    "queryvar": "2022W38"
  },
  {
    "startdate": "2022-09-26",
    "enddate": "2022-10-02",
    "periodtypeid": 2,
    "weekday": 1,
    "dhisweek": 39,
    "weeknumber": "",
    "hfrmonth": 12,
    "month": 9,
    "year": 2022,
    "financialyear": 2022,
    "queryvar": "2022W39"
  },
  {
    "startdate": "2022-10-03",
    "enddate": "2022-10-09",
    "periodtypeid": 2,
    "weekday": 1,
    "dhisweek": 40,
    "weeknumber": 1,
    "hfrmonth": 1,
    "month": 10,
    "year": 2022,
    "financialyear": 2023,
    "queryvar": "2022W40"
  },
  {
    "startdate": "2022-10-10",
    "enddate": "2022-10-16",
    "periodtypeid": 2,
    "weekday": 1,
    "dhisweek": 41,
    "weeknumber": 2,
    "hfrmonth": 1,
    "month": 10,
    "year": 2022,
    "financialyear": 2023,
    "queryvar": "2022W41"
  },
  {
    "startdate": "2022-10-17",
    "enddate": "2022-10-23",
    "periodtypeid": 2,
    "weekday": 1,
    "dhisweek": 42,
    "weeknumber": 3,
    "hfrmonth": 1,
    "month": 10,
    "year": 2022,
    "financialyear": 2023,
    "queryvar": "2022W42"
  },
  {
    "startdate": "2022-10-24",
    "enddate": "2022-10-30",
    "periodtypeid": 2,
    "weekday": 1,
    "dhisweek": 43,
    "weeknumber": 4,
    "hfrmonth": 1,
    "month": 10,
    "year": 2022,
    "financialyear": 2023,
    "queryvar": "2022W43"
  },
  {
    "startdate": "2022-10-31",
    "enddate": "2022-11-06",
    "periodtypeid": 2,
    "weekday": 1,
    "dhisweek": 44,
    "weeknumber": 5,
    "hfrmonth": 1,
    "month": 10,
    "year": 2022,
    "financialyear": 2023,
    "queryvar": "2022W44"
  },
  {
    "startdate": "2022-11-07",
    "enddate": "2022-11-13",
    "periodtypeid": 2,
    "weekday": 1,
    "dhisweek": 45,
    "weeknumber": 6,
    "hfrmonth": 2,
    "month": 11,
    "year": 2022,
    "financialyear": 2023,
    "queryvar": "2022W45"
  },
  {
    "startdate": "2022-11-14",
    "enddate": "2022-11-20",
    "periodtypeid": 2,
    "weekday": 1,
    "dhisweek": 46,
    "weeknumber": 7,
    "hfrmonth": 2,
    "month": 11,
    "year": 2022,
    "financialyear": 2023,
    "queryvar": "2022W46"
  },
  {
    "startdate": "2022-11-21",
    "enddate": "2022-11-27",
    "periodtypeid": 2,
    "weekday": 1,
    "dhisweek": 47,
    "weeknumber": 8,
    "hfrmonth": 2,
    "month": 11,
    "year": 2022,
    "financialyear": 2023,
    "queryvar": "2022W47"
  },
  {
    "startdate": "2022-11-28",
    "enddate": "2022-12-04",
    "periodtypeid": 2,
    "weekday": 1,
    "dhisweek": 48,
    "weeknumber": 9,
    "hfrmonth": 2,
    "month": 11,
    "year": 2022,
    "financialyear": 2023,
    "queryvar": "2022W48"
  },
  {
    "startdate": "2022-12-05",
    "enddate": "2022-12-11",
    "periodtypeid": 2,
    "weekday": 1,
    "dhisweek": 49,
    "weeknumber": 10,
    "hfrmonth": 3,
    "month": 12,
    "year": 2022,
    "financialyear": 2023,
    "queryvar": "2022W49"
  },
  {
    "startdate": "2022-12-12",
    "enddate": "2022-12-18",
    "periodtypeid": 2,
    "weekday": 1,
    "dhisweek": 50,
    "weeknumber": 11,
    "hfrmonth": 3,
    "month": 12,
    "year": 2022,
    "financialyear": 2023,
    "queryvar": "2022W50"
  },
  {
    "startdate": "2022-12-19",
    "enddate": "2022-12-25",
    "periodtypeid": 2,
    "weekday": 1,
    "dhisweek": 51,
    "weeknumber": 12,
    "hfrmonth": 3,
    "month": 12,
    "year": 2022,
    "financialyear": 2023,
    "queryvar": "2022W51"
  },
  {
    "startdate": "2022-12-26",
    "enddate": "2023-01-01",
    "periodtypeid": 2,
    "weekday": 1,
    "dhisweek": 52,
    "weeknumber": 13,
    "hfrmonth": 3,
    "month": 12,
    "year": 2022,
    "financialyear": 2023,
    "queryvar": "2022W52"
  },
  {
    "startdate": "2023-01-02",
    "enddate": "2023-01-08",
    "periodtypeid": 2,
    "weekday": 1,
    "dhisweek": 1,
    "weeknumber": 14,
    "hfrmonth": 4,
    "month": 1,
    "year": 2023,
    "financialyear": 2023,
    "queryvar": "2023W1"
  },
  {
    "startdate": "2023-01-09",
    "enddate": "2023-01-15",
    "periodtypeid": 2,
    "weekday": 1,
    "dhisweek": 2,
    "weeknumber": 15,
    "hfrmonth": 4,
    "month": 1,
    "year": 2023,
    "financialyear": 2023,
    "queryvar": "2023W2"
  },
  {
    "startdate": "2023-01-16",
    "enddate": "2023-01-22",
    "periodtypeid": 2,
    "weekday": 1,
    "dhisweek": 3,
    "weeknumber": 16,
    "hfrmonth": 4,
    "month": 1,
    "year": 2023,
    "financialyear": 2023,
    "queryvar": "2023W3"
  },
  {
    "startdate": "2023-01-23",
    "enddate": "2023-01-29",
    "periodtypeid": 2,
    "weekday": 1,
    "dhisweek": 4,
    "weeknumber": 17,
    "hfrmonth": 4,
    "month": 1,
    "year": 2023,
    "financialyear": 2023,
    "queryvar": "2023W4"
  },
  {
    "startdate": "2023-01-30",
    "enddate": "2023-02-05",
    "periodtypeid": 2,
    "weekday": 1,
    "dhisweek": 5,
    "weeknumber": 18,
    "hfrmonth": 4,
    "month": 1,
    "year": 2023,
    "financialyear": 2023,
    "queryvar": "2023W5"
  },
  {
    "startdate": "2023-02-06",
    "enddate": "2023-02-12",
    "periodtypeid": 2,
    "weekday": 1,
    "dhisweek": 6,
    "weeknumber": 19,
    "hfrmonth": 5,
    "month": 2,
    "year": 2023,
    "financialyear": 2023,
    "queryvar": "2023W6"
  },
  {
    "startdate": "2023-02-13",
    "enddate": "2023-02-19",
    "periodtypeid": 2,
    "weekday": 1,
    "dhisweek": 7,
    "weeknumber": 20,
    "hfrmonth": 5,
    "month": 2,
    "year": 2023,
    "financialyear": 2023,
    "queryvar": "2023W7"
  },
  {
    "startdate": "2023-02-20",
    "enddate": "2023-02-26",
    "periodtypeid": 2,
    "weekday": 1,
    "dhisweek": 8,
    "weeknumber": 21,
    "hfrmonth": 5,
    "month": 2,
    "year": 2023,
    "financialyear": 2023,
    "queryvar": "2023W8"
  },
  {
    "startdate": "2023-02-27",
    "enddate": "2023-03-05",
    "periodtypeid": 2,
    "weekday": 1,
    "dhisweek": 9,
    "weeknumber": 22,
    "hfrmonth": 5,
    "month": 2,
    "year": 2023,
    "financialyear": 2023,
    "queryvar": "2023W9"
  },
  {
    "startdate": "2023-03-06",
    "enddate": "2023-03-12",
    "periodtypeid": 2,
    "weekday": 1,
    "dhisweek": 10,
    "weeknumber": 23,
    "hfrmonth": 6,
    "month": 3,
    "year": 2023,
    "financialyear": 2023,
    "queryvar": "2023W10"
  },
  {
    "startdate": "2023-03-13",
    "enddate": "2023-03-19",
    "periodtypeid": 2,
    "weekday": 1,
    "dhisweek": 11,
    "weeknumber": 24,
    "hfrmonth": 6,
    "month": 3,
    "year": 2023,
    "financialyear": 2023,
    "queryvar": "2023W11"
  },
  {
    "startdate": "2023-03-20",
    "enddate": "2023-03-26",
    "periodtypeid": 2,
    "weekday": 1,
    "dhisweek": 12,
    "weeknumber": 25,
    "hfrmonth": 6,
    "month": 3,
    "year": 2023,
    "financialyear": 2023,
    "queryvar": "2023W12"
  },
  {
    "startdate": "2023-03-27",
    "enddate": "2023-04-02",
    "periodtypeid": 2,
    "weekday": 1,
    "dhisweek": 13,
    "weeknumber": 26,
    "hfrmonth": 6,
    "month": 3,
    "year": 2023,
    "financialyear": 2023,
    "queryvar": "2023W13"
  },
  {
    "startdate": "2023-04-03",
    "enddate": "2023-04-09",
    "periodtypeid": 2,
    "weekday": 1,
    "dhisweek": 14,
    "weeknumber": 27,
    "hfrmonth": 7,
    "month": 4,
    "year": 2023,
    "financialyear": 2023,
    "queryvar": "2023W14"
  },
  {
    "startdate": "2023-04-10",
    "enddate": "2023-04-16",
    "periodtypeid": 2,
    "weekday": 1,
    "dhisweek": 15,
    "weeknumber": 28,
    "hfrmonth": 7,
    "month": 4,
    "year": 2023,
    "financialyear": 2023,
    "queryvar": "2023W15"
  },
  {
    "startdate": "2023-04-17",
    "enddate": "2023-04-23",
    "periodtypeid": 2,
    "weekday": 1,
    "dhisweek": 16,
    "weeknumber": 29,
    "hfrmonth": 7,
    "month": 4,
    "year": 2023,
    "financialyear": 2023,
    "queryvar": "2023W16"
  },
  {
    "startdate": "2023-04-24",
    "enddate": "2023-04-30",
    "periodtypeid": 2,
    "weekday": 1,
    "dhisweek": 17,
    "weeknumber": 30,
    "hfrmonth": 7,
    "month": 4,
    "year": 2023,
    "financialyear": 2023,
    "queryvar": "2023W17"
  },
  {
    "startdate": "2023-05-01",
    "enddate": "2023-05-07",
    "periodtypeid": 2,
    "weekday": 1,
    "dhisweek": 18,
    "weeknumber": 31,
    "hfrmonth": 8,
    "month": 5,
    "year": 2023,
    "financialyear": 2023,
    "queryvar": "2023W18"
  },
  {
    "startdate": "2023-05-08",
    "enddate": "2023-05-14",
    "periodtypeid": 2,
    "weekday": 1,
    "dhisweek": 19,
    "weeknumber": 32,
    "hfrmonth": 8,
    "month": 5,
    "year": 2023,
    "financialyear": 2023,
    "queryvar": "2023W19"
  },
  {
    "startdate": "2023-05-15",
    "enddate": "2023-05-21",
    "periodtypeid": 2,
    "weekday": 1,
    "dhisweek": 20,
    "weeknumber": 33,
    "hfrmonth": 8,
    "month": 5,
    "year": 2023,
    "financialyear": 2023,
    "queryvar": "2023W20"
  },
  {
    "startdate": "2023-05-22",
    "enddate": "2023-05-28",
    "periodtypeid": 2,
    "weekday": 1,
    "dhisweek": 21,
    "weeknumber": 34,
    "hfrmonth": 8,
    "month": 5,
    "year": 2023,
    "financialyear": 2023,
    "queryvar": "2023W21"
  },
  {
    "startdate": "2023-05-29",
    "enddate": "2023-06-04",
    "periodtypeid": 2,
    "weekday": 1,
    "dhisweek": 22,
    "weeknumber": 35,
    "hfrmonth": 8,
    "month": 5,
    "year": 2023,
    "financialyear": 2023,
    "queryvar": "2023W22"
  },
  {
    "startdate": "2023-06-05",
    "enddate": "2023-06-11",
    "periodtypeid": 2,
    "weekday": 1,
    "dhisweek": 23,
    "weeknumber": 36,
    "hfrmonth": 9,
    "month": 6,
    "year": 2023,
    "financialyear": 2023,
    "queryvar": "2023W23"
  },
  {
    "startdate": "2023-06-12",
    "enddate": "2023-06-18",
    "periodtypeid": 2,
    "weekday": 1,
    "dhisweek": 24,
    "weeknumber": 37,
    "hfrmonth": 9,
    "month": 6,
    "year": 2023,
    "financialyear": 2023,
    "queryvar": "2023W24"
  },
  {
    "startdate": "2023-06-19",
    "enddate": "2023-06-25",
    "periodtypeid": 2,
    "weekday": 1,
    "dhisweek": 25,
    "weeknumber": 38,
    "hfrmonth": 9,
    "month": 6,
    "year": 2023,
    "financialyear": 2023,
    "queryvar": "2023W25"
  },
  {
    "startdate": "2023-06-26",
    "enddate": "2023-07-02",
    "periodtypeid": 2,
    "weekday": 1,
    "dhisweek": 26,
    "weeknumber": 39,
    "hfrmonth": 9,
    "month": 6,
    "year": 2023,
    "financialyear": 2023,
    "queryvar": "2023W26"
  },
  {
    "startdate": "2023-07-03",
    "enddate": "2023-07-09",
    "periodtypeid": 2,
    "weekday": 1,
    "dhisweek": 27,
    "weeknumber": 40,
    "hfrmonth": 10,
    "month": 7,
    "year": 2023,
    "financialyear": 2023,
    "queryvar": "2023W27"
  },
  {
    "startdate": "2023-07-10",
    "enddate": "2023-07-16",
    "periodtypeid": 2,
    "weekday": 1,
    "dhisweek": 28,
    "weeknumber": 41,
    "hfrmonth": 10,
    "month": 7,
    "year": 2023,
    "financialyear": 2023,
    "queryvar": "2023W28"
  },
  {
    "startdate": "2023-07-17",
    "enddate": "2023-07-23",
    "periodtypeid": 2,
    "weekday": 1,
    "dhisweek": 29,
    "weeknumber": 42,
    "hfrmonth": 10,
    "month": 7,
    "year": 2023,
    "financialyear": 2023,
    "queryvar": "2023W29"
  },
  {
    "startdate": "2023-07-24",
    "enddate": "2023-07-30",
    "periodtypeid": 2,
    "weekday": 1,
    "dhisweek": 30,
    "weeknumber": 43,
    "hfrmonth": 10,
    "month": 7,
    "year": 2023,
    "financialyear": 2023,
    "queryvar": "2023W30"
  },
  {
    "startdate": "2023-07-31",
    "enddate": "2023-08-06",
    "periodtypeid": 2,
    "weekday": 1,
    "dhisweek": 31,
    "weeknumber": 44,
    "hfrmonth": 10,
    "month": 7,
    "year": 2023,
    "financialyear": 2023,
    "queryvar": "2023W31"
  },
  {
    "startdate": "2023-08-07",
    "enddate": "2023-08-13",
    "periodtypeid": 2,
    "weekday": 1,
    "dhisweek": 32,
    "weeknumber": 45,
    "hfrmonth": 11,
    "month": 8,
    "year": 2023,
    "financialyear": 2023,
    "queryvar": "2023W32"
  },
  {
    "startdate": "2023-08-14",
    "enddate": "2023-08-20",
    "periodtypeid": 2,
    "weekday": 1,
    "dhisweek": 33,
    "weeknumber": 46,
    "hfrmonth": 11,
    "month": 8,
    "year": 2023,
    "financialyear": 2023,
    "queryvar": "2023W33"
  },
  {
    "startdate": "2023-08-21",
    "enddate": "2023-08-27",
    "periodtypeid": 2,
    "weekday": 1,
    "dhisweek": 34,
    "weeknumber": 47,
    "hfrmonth": 11,
    "month": 8,
    "year": 2023,
    "financialyear": 2023,
    "queryvar": "2023W34"
  },
  {
    "startdate": "2023-08-28",
    "enddate": "2023-09-03",
    "periodtypeid": 2,
    "weekday": 1,
    "dhisweek": 35,
    "weeknumber": 48,
    "hfrmonth": 11,
    "month": 8,
    "year": 2023,
    "financialyear": 2023,
    "queryvar": "2023W35"
  },
  {
    "startdate": "2023-09-04",
    "enddate": "2023-09-10",
    "periodtypeid": 2,
    "weekday": 1,
    "dhisweek": 36,
    "weeknumber": 49,
    "hfrmonth": 12,
    "month": 9,
    "year": 2023,
    "financialyear": 2023,
    "queryvar": "2023W36"
  },
  {
    "startdate": "2023-09-11",
    "enddate": "2023-09-17",
    "periodtypeid": 2,
    "weekday": 1,
    "dhisweek": 37,
    "weeknumber": 50,
    "hfrmonth": 12,
    "month": 9,
    "year": 2023,
    "financialyear": 2023,
    "queryvar": "2023W37"
  },
  {
    "startdate": "2023-09-18",
    "enddate": "2023-09-24",
    "periodtypeid": 2,
    "weekday": 1,
    "dhisweek": 38,
    "weeknumber": 51,
    "hfrmonth": 12,
    "month": 9,
    "year": 2023,
    "financialyear": 2023,
    "queryvar": "2023W38"
  },
  {
    "startdate": "2023-09-25",
    "enddate": "2023-10-01",
    "periodtypeid": 2,
    "weekday": 1,
    "dhisweek": 39,
    "weeknumber": 52,
    "hfrmonth": 12,
    "month": 9,
    "year": 2023,
    "financialyear": 2023,
    "queryvar": "2023W39"
  },
  {
    "startdate": "2023-10-02",
    "enddate": "2023-10-08",
    "periodtypeid": 2,
    "weekday": 1,
    "dhisweek": 40,
    "weeknumber": 53,
    "hfrmonth": 1,
    "month": 10,
    "year": 2023,
    "financialyear": 2023,
    "queryvar": "2023W40"
  },
  {
    "startdate": "2023-10-16",
    "enddate": "2023-10-22",
    "periodtypeid": 2,
    "weekday": 1,
    "dhisweek": 42,
    "weeknumber": 54,
    "hfrmonth": 1,
    "month": 10,
    "year": 2023,
    "financialyear": 2024,
    "queryvar": "2023W42"
  },
  {
    "startdate": "2023-10-09",
    "enddate": "2023-10-15",
    "periodtypeid": 2,
    "weekday": 1,
    "dhisweek": 41,
    "weeknumber": 55,
    "hfrmonth": 1,
    "month": 10,
    "year": 2023,
    "financialyear": 2024,
    "queryvar": "2023W41"
  },
  {
    "startdate": "2023-10-23",
    "enddate": "2023-10-29",
    "periodtypeid": 2,
    "weekday": 1,
    "dhisweek": 43,
    "weeknumber": 56,
    "hfrmonth": 1,
    "month": 10,
    "year": 2023,
    "financialyear": 2024,
    "queryvar": "2023W43"
  },
  {
    "startdate": "2023-10-30",
    "enddate": "2023-11-05",
    "periodtypeid": 2,
    "weekday": 1,
    "dhisweek": 44,
    "weeknumber": 57,
    "hfrmonth": 1,
    "month": 10,
    "year": 2023,
    "financialyear": 2024,
    "queryvar": "2023W44"
  }
]