[
  {
    "count": 0,
    "dataele_weekly": "mKNadnhN6yn.alMMbxnPh3n",
    "name_weekly": "HFR_HTS_TST 15+, Female",
    "dataele_monthly": "HlagDtQy2K2.alMMbxnPh3n",
    "name_monthly": "MV_HFR_HTS_TST 15+, Female"
  },
  {
    "count": 1,
    "dataele_weekly": "mKNadnhN6yn.kX4BLp2Wskc",
    "name_weekly": "HFR_HTS_TST 15+, Male",
    "dataele_monthly": "HlagDtQy2K2.kX4BLp2Wskc",
    "name_monthly": "MV_HFR_HTS_TST 15+, Male"
  },
  {
    "count": 2,
    "dataele_weekly": "mKNadnhN6yn.FM340uJtNY1",
    "name_weekly": "HFR_HTS_TST <15, Female",
    "dataele_monthly": "HlagDtQy2K2.FM340uJtNY1",
    "name_monthly": "MV_HFR_HTS_TST <15, Female"
  },
  {
    "count": 3,
    "dataele_weekly": "mKNadnhN6yn.V30Om65Tj8L",
    "name_weekly": "HFR_HTS_TST <15, Male",
    "dataele_monthly": "HlagDtQy2K2.V30Om65Tj8L",
    "name_monthly": "MV_HFR_HTS_TST <15, Male"
  },
  {
    "count": 4,
    "dataele_weekly": "ZYXfkQYdsVZ.alMMbxnPh3n",
    "name_weekly": "HFR_HTS_TST_POS 15+, Female",
    "dataele_monthly": "n8wHDPitQYy.alMMbxnPh3n",
    "name_monthly": "MV_HFR_HTS_TST_POS 15+, Female"
  },
  {
    "count": 5,
    "dataele_weekly": "ZYXfkQYdsVZ.kX4BLp2Wskc",
    "name_weekly": "HFR_HTS_TST_POS 15+, Male",
    "dataele_monthly": "n8wHDPitQYy.kX4BLp2Wskc",
    "name_monthly": "MV_HFR_HTS_TST_POS 15+, Male"
  },
  {
    "count": 6,
    "dataele_weekly": "ZYXfkQYdsVZ.FM340uJtNY1",
    "name_weekly": "HFR_HTS_TST_POS <15, Female",
    "dataele_monthly": "n8wHDPitQYy.FM340uJtNY1",
    "name_monthly": "MV_HFR_HTS_TST_POS <15, Female"
  },
  {
    "count": 7,
    "dataele_weekly": "ZYXfkQYdsVZ.V30Om65Tj8L",
    "name_weekly": "HFR_HTS_TST_POS <15, Male",
    "dataele_monthly": "n8wHDPitQYy.V30Om65Tj8L",
    "name_monthly": "MV_HFR_HTS_TST_POS <15, Male"
  },
  {
    "count": 8,
    "dataele_weekly": "Xoo5T073XVb.X2205b1jNl0",
    "name_weekly": "HFR_PMTCT_EID 2-12 months",
    "dataele_monthly": "CYC23VF2GoR.X2205b1jNl0",
    "name_monthly": "MV_HFR_PMTCT_EID 2-12 months"
  },
  {
    "count": 9,
    "dataele_weekly": "Xoo5T073XVb.nUZxnQH52gO",
    "name_weekly": "HFR_PMTCT_EID < 2 Months",
    "dataele_monthly": "CYC23VF2GoR.nUZxnQH52gO",
    "name_monthly": "MV_HFR_PMTCT_EID < 2 Months"
  },
  {
    "count": 10,
    "dataele_weekly": "FOny8PUhjNn.usISgnYX5ke",
    "name_weekly": "HFR_PMTCT_POS Above 15 Female",
    "dataele_monthly": "H94afSvBKKR.usISgnYX5ke",
    "name_monthly": "MV_HFR_PMTCT_POS Above 15 Female"
  },
  {
    "count": 11,
    "dataele_weekly": "FOny8PUhjNn.t9KVkBwHSvs",
    "name_weekly": "HFR_PMTCT_POS Less 15 Female",
    "dataele_monthly": "H94afSvBKKR.t9KVkBwHSvs",
    "name_monthly": "MV_HFR_PMTCT_POS Less 15 Female"
  },
  {
    "count": 12,
    "dataele_weekly": "V5DtZ4LCOtA.alMMbxnPh3n",
    "name_weekly": "HFR_PREP_NEW 15+, Female",
    "dataele_monthly": "BeuOtFYNRPU.alMMbxnPh3n",
    "name_monthly": "MV_HFR_PREP_NEW 15+, Female"
  },
  {
    "count": 13,
    "dataele_weekly": "V5DtZ4LCOtA.kX4BLp2Wskc",
    "name_weekly": "HFR_PREP_NEW 15+, Male",
    "dataele_monthly": "BeuOtFYNRPU.kX4BLp2Wskc",
    "name_monthly": "MV_HFR_PREP_NEW 15+, Male"
  },
  {
    "count": 14,
    "dataele_weekly": "V5DtZ4LCOtA.FM340uJtNY1",
    "name_weekly": "HFR_PREP_NEW <15, Female",
    "dataele_monthly": "BeuOtFYNRPU.FM340uJtNY1",
    "name_monthly": "MV_HFR_PREP_NEW <15, Female"
  },
  {
    "count": 15,
    "dataele_weekly": "V5DtZ4LCOtA.V30Om65Tj8L",
    "name_weekly": "HFR_PREP_NEW <15, Male",
    "dataele_monthly": "BeuOtFYNRPU.V30Om65Tj8L",
    "name_monthly": "MV_HFR_PREP_NEW <15, Male"
  },
  {
    "count": 16,
    "dataele_weekly": "zsaFQBcTTIT.alMMbxnPh3n",
    "name_weekly": "HFR_TB_PREV_D 15+, Female",
    "dataele_monthly": "INhytRC17ts.alMMbxnPh3n",
    "name_monthly": "MV_HFR_TB_PREV_D 15+, Female"
  },
  {
    "count": 17,
    "dataele_weekly": "zsaFQBcTTIT.kX4BLp2Wskc",
    "name_weekly": "HFR_TB_PREV_D 15+, Male",
    "dataele_monthly": "INhytRC17ts.kX4BLp2Wskc",
    "name_monthly": "MV_HFR_TB_PREV_D 15+, Male"
  },
  {
    "count": 18,
    "dataele_weekly": "zsaFQBcTTIT.FM340uJtNY1",
    "name_weekly": "HFR_TB_PREV_D <15, Female",
    "dataele_monthly": "INhytRC17ts.FM340uJtNY1",
    "name_monthly": "MV_HFR_TB_PREV_D <15, Female"
  },
  {
    "count": 19,
    "dataele_weekly": "zsaFQBcTTIT.V30Om65Tj8L",
    "name_weekly": "HFR_TB_PREV_D <15, Male",
    "dataele_monthly": "INhytRC17ts.V30Om65Tj8L",
    "name_monthly": "MV_HFR_TB_PREV_D <15, Male"
  },
  {
    "count": 20,
    "dataele_weekly": "YIrvp7MOzk6.alMMbxnPh3n",
    "name_weekly": "HFR_TB_PREV_N 15+, Female",
    "dataele_monthly": "cqrY4RrIvlL.alMMbxnPh3n",
    "name_monthly": "MV_HFR_TB_PREV_N 15+, Female"
  },
  {
    "count": 21,
    "dataele_weekly": "YIrvp7MOzk6.kX4BLp2Wskc",
    "name_weekly": "HFR_TB_PREV_N 15+, Male",
    "dataele_monthly": "cqrY4RrIvlL.kX4BLp2Wskc",
    "name_monthly": "MV_HFR_TB_PREV_N 15+, Male"
  },
  {
    "count": 22,
    "dataele_weekly": "YIrvp7MOzk6.FM340uJtNY1",
    "name_weekly": "HFR_TB_PREV_N <15, Female",
    "dataele_monthly": "cqrY4RrIvlL.FM340uJtNY1",
    "name_monthly": "MV_HFR_TB_PREV_N <15, Female"
  },
  {
    "count": 23,
    "dataele_weekly": "YIrvp7MOzk6.V30Om65Tj8L",
    "name_weekly": "HFR_TB_PREV_N <15, Male",
    "dataele_monthly": "cqrY4RrIvlL.V30Om65Tj8L",
    "name_monthly": "MV_HFR_TB_PREV_N <15, Male"
  },
  {
    "count": 24,
    "dataele_weekly": "GijOCrZWery.alMMbxnPh3n",
    "name_weekly": "HFR_TX_CURR 15+, Female",
    "dataele_monthly": "fPZoJ5MwbN1.alMMbxnPh3n",
    "name_monthly": "MV_HFR_TX_CURR 15+, Female"
  },
  {
    "count": 25,
    "dataele_weekly": "GijOCrZWery.kX4BLp2Wskc",
    "name_weekly": "HFR_TX_CURR 15+, Male",
    "dataele_monthly": "fPZoJ5MwbN1.kX4BLp2Wskc",
    "name_monthly": "MV_HFR_TX_CURR 15+, Male"
  },
  {
    "count": 26,
    "dataele_weekly": "GijOCrZWery.FM340uJtNY1",
    "name_weekly": "HFR_TX_CURR <15, Female",
    "dataele_monthly": "fPZoJ5MwbN1.FM340uJtNY1",
    "name_monthly": "MV_HFR_TX_CURR <15, Female"
  },
  {
    "count": 27,
    "dataele_weekly": "GijOCrZWery.V30Om65Tj8L",
    "name_weekly": "HFR_TX_CURR <15, Male",
    "dataele_monthly": "fPZoJ5MwbN1.V30Om65Tj8L",
    "name_monthly": "MV_HFR_TX_CURR <15, Male"
  },
  {
    "count": 28,
    "dataele_weekly": "q4r1h5E32ja.kZPmmlOKXPu",
    "name_weekly": "HFR_TX_MMD 3-5 months, 15+, Female",
    "dataele_monthly": "G2i9RuZAnHz.kZPmmlOKXPu",
    "name_monthly": "MV_HFR_TX_MMD 3-5 months, 15+, Female"
  },
  {
    "count": 29,
    "dataele_weekly": "q4r1h5E32ja.cFJfONvnpUh",
    "name_weekly": "HFR_TX_MMD 3-5 months, 15+, Male",
    "dataele_monthly": "G2i9RuZAnHz.cFJfONvnpUh",
    "name_monthly": "MV_HFR_TX_MMD 3-5 months, 15+, Male"
  },
  {
    "count": 30,
    "dataele_weekly": "q4r1h5E32ja.pz2Cr43wfqm",
    "name_weekly": "HFR_TX_MMD 3-5 months, <15, Female",
    "dataele_monthly": "G2i9RuZAnHz.pz2Cr43wfqm",
    "name_monthly": "MV_HFR_TX_MMD 3-5 months, <15, Female"
  },
  {
    "count": 31,
    "dataele_weekly": "q4r1h5E32ja.uf11i5lnUga",
    "name_weekly": "HFR_TX_MMD 3-5 months, <15, Male",
    "dataele_monthly": "G2i9RuZAnHz.uf11i5lnUga",
    "name_monthly": "MV_HFR_TX_MMD 3-5 months, <15, Male"
  },
  {
    "count": 32,
    "dataele_weekly": "q4r1h5E32ja.mXPQr6aluBv",
    "name_weekly": "HFR_TX_MMD < 3 Month, 15+, Female",
    "dataele_monthly": "G2i9RuZAnHz.mXPQr6aluBv",
    "name_monthly": "MV_HFR_TX_MMD < 3 Month, 15+, Female"
  },
  {
    "count": 33,
    "dataele_weekly": "q4r1h5E32ja.oKBhWIAEBOX",
    "name_weekly": "HFR_TX_MMD < 3 Month, 15+, Male",
    "dataele_monthly": "G2i9RuZAnHz.oKBhWIAEBOX",
    "name_monthly": "MV_HFR_TX_MMD < 3 Month, 15+, Male"
  },
  {
    "count": 34,
    "dataele_weekly": "q4r1h5E32ja.loGC1zdL3YA",
    "name_weekly": "HFR_TX_MMD < 3 Month, <15, Female",
    "dataele_monthly": "G2i9RuZAnHz.loGC1zdL3YA",
    "name_monthly": "MV_HFR_TX_MMD < 3 Month, <15, Female"
  },
  {
    "count": 35,
    "dataele_weekly": "q4r1h5E32ja.CS0EB3s7s3t",
    "name_weekly": "HFR_TX_MMD < 3 Month, <15, Male",
    "dataele_monthly": "G2i9RuZAnHz.CS0EB3s7s3t",
    "name_monthly": "MV_HFR_TX_MMD < 3 Month, <15, Male"
  },
  {
    "count": 36,
    "dataele_weekly": "q4r1h5E32ja.QjbtrU5cut1",
    "name_weekly": "HFR_TX_MMD > 6 Months, 15+, Female",
    "dataele_monthly": "G2i9RuZAnHz.QjbtrU5cut1",
    "name_monthly": "MV_HFR_TX_MMD > 6 Months, 15+, Female"
  },
  {
    "count": 37,
    "dataele_weekly": "q4r1h5E32ja.UNS3rGrWUKu",
    "name_weekly": "HFR_TX_MMD > 6 Months, 15+, Male",
    "dataele_monthly": "G2i9RuZAnHz.UNS3rGrWUKu",
    "name_monthly": "MV_HFR_TX_MMD > 6 Months, 15+, Male"
  },
  {
    "count": 38,
    "dataele_weekly": "q4r1h5E32ja.LJRb2kUqofr",
    "name_weekly": "HFR_TX_MMD > 6 Months, <15, Female",
    "dataele_monthly": "G2i9RuZAnHz.LJRb2kUqofr",
    "name_monthly": "MV_HFR_TX_MMD > 6 Months, <15, Female"
  },
  {
    "count": 39,
    "dataele_weekly": "q4r1h5E32ja.jmnghSFczLq",
    "name_weekly": "HFR_TX_MMD > 6 Months, <15, Male",
    "dataele_monthly": "G2i9RuZAnHz.jmnghSFczLq",
    "name_monthly": "MV_HFR_TX_MMD > 6 Months, <15, Male"
  },
  {
    "count": 40,
    "dataele_weekly": "cZLvFP8qm5H.alMMbxnPh3n",
    "name_weekly": "HFR_TX_NEW 15+, Female",
    "dataele_monthly": "Otohvukr8MG.alMMbxnPh3n",
    "name_monthly": "MV_HFR_TX_NEW 15+, Female"
  },
  {
    "count": 41,
    "dataele_weekly": "cZLvFP8qm5H.kX4BLp2Wskc",
    "name_weekly": "HFR_TX_NEW 15+, Male",
    "dataele_monthly": "Otohvukr8MG.kX4BLp2Wskc",
    "name_monthly": "MV_HFR_TX_NEW 15+, Male"
  },
  {
    "count": 42,
    "dataele_weekly": "cZLvFP8qm5H.FM340uJtNY1",
    "name_weekly": "HFR_TX_NEW <15, Female",
    "dataele_monthly": "Otohvukr8MG.FM340uJtNY1",
    "name_monthly": "MV_HFR_TX_NEW <15, Female"
  },
  {
    "count": 43,
    "dataele_weekly": "cZLvFP8qm5H.V30Om65Tj8L",
    "name_weekly": "HFR_TX_NEW <15, Male",
    "dataele_monthly": "Otohvukr8MG.V30Om65Tj8L",
    "name_monthly": "MV_HFR_TX_NEW <15, Male"
  },
  {
    "count": 44,
    "dataele_weekly": "wMj57KRF17T.alMMbxnPh3n",
    "name_weekly": "HFR_TX_PVLS_D 15+, Female",
    "dataele_monthly": "cJhvhrPiRDf.alMMbxnPh3n",
    "name_monthly": "MV_HFR_TX_PVLS_D 15+, Female"
  },
  {
    "count": 45,
    "dataele_weekly": "wMj57KRF17T.kX4BLp2Wskc",
    "name_weekly": "HFR_TX_PVLS_D 15+, Male",
    "dataele_monthly": "cJhvhrPiRDf.kX4BLp2Wskc",
    "name_monthly": "MV_HFR_TX_PVLS_D 15+, Male"
  },
  {
    "count": 46,
    "dataele_weekly": "wMj57KRF17T.FM340uJtNY1",
    "name_weekly": "HFR_TX_PVLS_D <15, Female",
    "dataele_monthly": "cJhvhrPiRDf.FM340uJtNY1",
    "name_monthly": "MV_HFR_TX_PVLS_D <15, Female"
  },
  {
    "count": 47,
    "dataele_weekly": "wMj57KRF17T.V30Om65Tj8L",
    "name_weekly": "HFR_TX_PVLS_D <15, Male",
    "dataele_monthly": "cJhvhrPiRDf.V30Om65Tj8L",
    "name_monthly": "MV_HFR_TX_PVLS_D <15, Male"
  },
  {
    "count": 48,
    "dataele_weekly": "sQn1NRMmwjT.alMMbxnPh3n",
    "name_weekly": "HFR_TX_PVLS_N 15+, Female",
    "dataele_monthly": "wj5LqbAr8pR.alMMbxnPh3n",
    "name_monthly": "MV_HFR_TX_PVLS_N 15+, Female"
  },
  {
    "count": 49,
    "dataele_weekly": "sQn1NRMmwjT.kX4BLp2Wskc",
    "name_weekly": "HFR_TX_PVLS_N 15+, Male",
    "dataele_monthly": "wj5LqbAr8pR.kX4BLp2Wskc",
    "name_monthly": "MV_HFR_TX_PVLS_N 15+, Male"
  },
  {
    "count": 50,
    "dataele_weekly": "sQn1NRMmwjT.FM340uJtNY1",
    "name_weekly": "HFR_TX_PVLS_N <15, Female",
    "dataele_monthly": "wj5LqbAr8pR.FM340uJtNY1",
    "name_monthly": "MV_HFR_TX_PVLS_N <15, Female"
  },
  {
    "count": 51,
    "dataele_weekly": "sQn1NRMmwjT.V30Om65Tj8L",
    "name_weekly": "HFR_TX_PVLS_N <15, Male",
    "dataele_monthly": "wj5LqbAr8pR.V30Om65Tj8L",
    "name_monthly": "MV_HFR_TX_PVLS_N <15, Male"
  },
  {
    "count": 52,
    "dataele_weekly": "QWwcD6qUM4C.Yba1MFCa7TN",
    "name_weekly": "HFR_VMMC_CIRC Above 15 Male",
    "dataele_monthly": "e8HRjLNPkNb.Yba1MFCa7TN",
    "name_monthly": "MV_HFR_VMMC_CIRC Above 15 Male"
  },
  {
    "count": 53,
    "dataele_weekly": "QWwcD6qUM4C.gsvUz1Bq5B3",
    "name_weekly": "HFR_VMMC_CIRC Less 15 Male",
    "dataele_monthly": "e8HRjLNPkNb.gsvUz1Bq5B3",
    "name_monthly": "MV_HFR_VMMC_CIRC Less 15 Male"
  }
]